{
    "personData" : {
        "actorId" : "string",
        "actorType" : "<_dictionary.actorType>",
        "customerId" : "string",
        "frontendRecordId": "string",
        "nationalId": "string",
        "firstName": "string",
        "lastName": "string",
        "maritalStatus": "dictionary",
        "dateOfBirth": "yyyy-MM-dd",
        "gender": "dictionary"
    },
    "account" : [
        "<_object_account>"
    ],
    "email" : [
        "<_object_email>"
    ],
    "phone" : [
        "<_object_phone>"
    ],
    "address" : [
        "<_object_address>"
    ]
}