<?xml version="1.0" encoding="utf-8"?><checkstyle version="4.3"><file name="api/script/helpers.js"></file><file name="api/script/index.js"></file><file name="api/sql/schema.js"></file><file name="api/sql/seed.js"></file><file name="api/sql/standard.js"></file><file name="api/t24/index.js"></file><file name="api/t24/util/converter/date.js"><error line="26" column="9" severity="warning" message="&apos;year&apos; is never reassigned. Use &apos;const&apos; instead. (prefer-const)" source="eslint.rules.prefer-const" /><error line="27" column="9" severity="warning" message="&apos;month&apos; is never reassigned. Use &apos;const&apos; instead. (prefer-const)" source="eslint.rules.prefer-const" /><error line="28" column="9" severity="warning" message="&apos;date&apos; is never reassigned. Use &apos;const&apos; instead. (prefer-const)" source="eslint.rules.prefer-const" /></file><file name="api/t24/util/converter/dictionary.js"></file><file name="browser.js"></file><file name="errors.js"></file><file name="history/config/customer.js"></file><file name="history/config/index.js"></file><file name="history/config/kyc.js"></file><file name="history/config/organization.js"></file><file name="history/helpers.js"></file><file name="history/prepare.js"></file><file name="http.js"></file><file name="index.js"></file><file name="storybook.js"></file><file name="test/jobs/index.js"></file><file name="test/jobs/test.customer.addCustomer.js"></file><file name="test/jobs/test.customer.addCustomerContactInfo.js"></file><file name="test/jobs/test.customer.addCustomerGeneralInfo.js"></file><file name="test/jobs/test.customer.addKyc.js"></file><file name="test/jobs/test.customer.addOrganization.js"></file><file name="test/jobs/test.customer.addReferral.js"></file><file name="test/jobs/test.customer.deleteCustomer.js"></file><file name="test/jobs/test.customer.deleteKyc.js"></file><file name="test/jobs/test.customer.deleteOrganization.js"></file><file name="test/jobs/test.customer.deleteReferral.js"></file><file name="test/jobs/test.customer.editCustomer.js"></file><file name="test/jobs/test.customer.editCustomerContactInfo.js"></file><file name="test/jobs/test.customer.editCustomerGeneralInfo.js"></file><file name="test/jobs/test.customer.editKyc.js"></file><file name="test/jobs/test.customer.fetchCustomer.js"></file><file name="test/jobs/test.customer.fetchDeletedKyc.js"></file><file name="test/jobs/test.customer.fetchDeletedOrganization.js"></file><file name="test/jobs/test.customer.fetchKyc.js"></file><file name="test/jobs/test.customer.fetchOrganization.js"></file><file name="test/jobs/test.customer.fetchOrganizationGraph.js"></file><file name="test/jobs/test.customer.fetchReferral.js"></file><file name="test/jobs/test.customer.getBUsParentsOrganization.js"></file><file name="test/jobs/test.customer.getCustomer.js"></file><file name="test/jobs/test.customer.getKyc.js"></file><file name="test/jobs/test.customer.getOrganization.js"></file><file name="test/jobs/test.customer.getReferral.js"></file><file name="test/jobs/test.customer.kycVisibility.js"></file><file name="test/jobs/test.customer.lockUnlockOrganization.js"></file><file name="test/jobs/test.customer.makerCheckerOrganizations.js"></file><file name="test/jobs/test.customer.organizationVisibility.js"></file><file name="test/jobs/test.customer.selfRegisterCustomer.js"></file><file name="test/jobs/test.customer.selfRegisterSecretQuestion.js"></file><file name="test/jobs/test.customer.updateKycStatus.js"></file><file name="test/jobs/test.customer.updateOrganization.js"></file><file name="test/jobs/test.customer.updateReferralStatus.js"></file><file name="test/schema.js"></file><file name="ui/react/admin.js"></file><file name="ui/react/adminReducers.js"></file><file name="ui/react/adminRegisterRoutes.js"></file><file name="ui/react/adminRoutes.js"></file><file name="ui/react/components/AdvancedPagination/index.js"></file><file name="ui/react/components/BusinessUnitInput/BusinessUnitDialog.js"><error line="93" column="25" severity="warning" message="Handler function for onChange prop key must begin with &apos;handle&apos; (react/jsx-handler-names)" source="eslint.rules.react/jsx-handler-names" /><error line="106" column="33" severity="warning" message="Prop key for handleSelectUnit must begin with &apos;on&apos; (react/jsx-handler-names)" source="eslint.rules.react/jsx-handler-names" /></file><file name="ui/react/components/BusinessUnitInput/index.js"><error line="38" column="17" severity="warning" message="Handler function for onHeaderButtonClick prop key must begin with &apos;handle&apos; (react/jsx-handler-names)" source="eslint.rules.react/jsx-handler-names" /></file><file name="ui/react/components/BusinessUnits/BusinessUnit.js"></file><file name="ui/react/components/BusinessUnits/BusinessUnitsBox.js"></file><file name="ui/react/components/BusinessUnits/BusinessUnitsPopup.js"><error line="106" column="25" severity="warning" message="Handler function for onClick prop key must begin with &apos;handle&apos; (react/jsx-handler-names)" source="eslint.rules.react/jsx-handler-names" /><error line="192" column="21" severity="warning" message="Handler function for onSearch prop key must begin with &apos;handle&apos; (react/jsx-handler-names)" source="eslint.rules.react/jsx-handler-names" /><error line="205" column="21" severity="warning" message="Handler function for onClick prop key must begin with &apos;handle&apos; (react/jsx-handler-names)" source="eslint.rules.react/jsx-handler-names" /></file><file name="ui/react/components/BusinessUnits/RadioButton/index.js"></file><file name="ui/react/components/BusinessUnits/SearchResult.js"></file><file name="ui/react/components/BusinessUnits/TreeView/Tree.js"><error line="81" column="17" severity="warning" message="Handler function for onClick prop key must begin with &apos;handle&apos; (react/jsx-handler-names)" source="eslint.rules.react/jsx-handler-names" /><error line="93" column="109" severity="warning" message="Handler function for onClick prop key must begin with &apos;handle&apos; (react/jsx-handler-names)" source="eslint.rules.react/jsx-handler-names" /></file><file name="ui/react/components/BusinessUnits/TreeView/config.js"></file><file name="ui/react/components/BusinessUnits/TreeView/index.js"><error line="70" column="25" severity="warning" message="Handler function for onClick prop key must begin with &apos;handle&apos; (react/jsx-handler-names)" source="eslint.rules.react/jsx-handler-names" /><error line="83" column="17" severity="warning" message="Handler function for onClick prop key must begin with &apos;handle&apos; (react/jsx-handler-names)" source="eslint.rules.react/jsx-handler-names" /></file><file name="ui/react/components/BusinessUnits/config.js"></file><file name="ui/react/components/BusinessUnits/index.js"></file><file name="ui/react/components/ClearFilter/index.js"></file><file name="ui/react/components/CompareGrid/CompareGridItem.js"></file><file name="ui/react/components/CompareGrid/index.js"></file><file name="ui/react/components/ConfirmRejectionDialog/helpers.js"></file><file name="ui/react/components/ConfirmRejectionDialog/index.js"><error line="39" column="25" severity="warning" message="Handler function for onChange prop key must begin with &apos;handle&apos; (react/jsx-handler-names)" source="eslint.rules.react/jsx-handler-names" /></file><file name="ui/react/components/CustomerTypesDialog/index.js"><error line="86" column="29" severity="warning" message="Handler function for onChange prop key must begin with &apos;handle&apos; (react/jsx-handler-names)" source="eslint.rules.react/jsx-handler-names" /></file><file name="ui/react/components/DocumentUpload/AddFileButton.js"></file><file name="ui/react/components/DocumentUpload/Camera.js"></file><file name="ui/react/components/DocumentUpload/Cropper.js"></file><file name="ui/react/components/DocumentUpload/DocumentUploadMenu.js"></file><file name="ui/react/components/DocumentUpload/FileDetailsPopup.js"></file><file name="ui/react/components/DocumentUpload/FilePreview.js"></file><file name="ui/react/components/DocumentUpload/PhotoContainer.js"></file><file name="ui/react/components/DocumentUpload/PhotoPreview.js"></file><file name="ui/react/components/DocumentUpload/Tooltip.js"></file><file name="ui/react/components/DocumentUpload/UploadFileButton.js"><error line="49" column="84" severity="warning" message="Handler function for onClick prop key must begin with &apos;handle&apos; (react/jsx-handler-names)" source="eslint.rules.react/jsx-handler-names" /><error line="51" column="87" severity="warning" message="Handler function for onChange prop key must begin with &apos;handle&apos; (react/jsx-handler-names)" source="eslint.rules.react/jsx-handler-names" /></file><file name="ui/react/components/DocumentUpload/Utils.js"></file><file name="ui/react/components/DocumentUpload/config.js"></file><file name="ui/react/components/DocumentUpload/index.js"><error line="163" column="21" severity="warning" message="Handler function for onAddFile prop key must begin with &apos;handle&apos; (react/jsx-handler-names)" source="eslint.rules.react/jsx-handler-names" /><error line="164" column="21" severity="warning" message="Handler function for onFileLoaded prop key must begin with &apos;handle&apos; (react/jsx-handler-names)" source="eslint.rules.react/jsx-handler-names" /><error line="185" column="21" severity="warning" message="Handler function for onCrop prop key must begin with &apos;handle&apos; (react/jsx-handler-names)" source="eslint.rules.react/jsx-handler-names" /><error line="190" column="21" severity="warning" message="Handler function for onFileLoaded prop key must begin with &apos;handle&apos; (react/jsx-handler-names)" source="eslint.rules.react/jsx-handler-names" /></file><file name="ui/react/components/DropDownMenu/index.js"><error line="111" column="57" severity="warning" message="Handler function for onFocus prop key must begin with &apos;handle&apos; (react/jsx-handler-names)" source="eslint.rules.react/jsx-handler-names" /><error line="111" column="85" severity="warning" message="Handler function for onBlur prop key must begin with &apos;handle&apos; (react/jsx-handler-names)" source="eslint.rules.react/jsx-handler-names" /><error line="111" column="111" severity="warning" message="Handler function for onClick prop key must begin with &apos;handle&apos; (react/jsx-handler-names)" source="eslint.rules.react/jsx-handler-names" /><error line="121" column="82" severity="warning" message="Handler function for onMouseOut prop key must begin with &apos;handle&apos; (react/jsx-handler-names)" source="eslint.rules.react/jsx-handler-names" /><error line="121" column="247" severity="warning" message="Handler function for onClick prop key must begin with &apos;handle&apos; (react/jsx-handler-names)" source="eslint.rules.react/jsx-handler-names" /></file><file name="ui/react/components/Input/fr_FR.js"></file><file name="ui/react/components/Input/index.js"></file><file name="ui/react/components/Modal/index.js"></file><file name="ui/react/components/SearchBox/index.js"></file><file name="ui/react/components/Select/index.js"></file><file name="ui/react/components/TextArea/index.js"></file><file name="ui/react/components/TitledContentBox/index.js"></file><file name="ui/react/components/Utils/date.js"></file><file name="ui/react/components/Utils/format.js"></file><file name="ui/react/components/Utils/logic.js"></file><file name="ui/react/components/Utils/utils.js"></file><file name="ui/react/components/Utils/validator.js"></file><file name="ui/react/configuration/actionTypes.js"></file><file name="ui/react/configuration/actions.js"></file><file name="ui/react/configuration/reducers.js"></file><file name="ui/react/containers/BusinessUnits/index.js"><error line="110" column="17" severity="warning" message="Handler function for onSearch prop key must begin with &apos;handle&apos; (react/jsx-handler-names)" source="eslint.rules.react/jsx-handler-names" /><error line="111" column="17" severity="warning" message="Handler function for onSelect prop key must begin with &apos;handle&apos; (react/jsx-handler-names)" source="eslint.rules.react/jsx-handler-names" /></file><file name="ui/react/index.js"></file><file name="ui/react/pages/Customers/Approve/actionTypes.js"></file><file name="ui/react/pages/Customers/Approve/actions.js"></file><file name="ui/react/pages/Customers/Approve/defaultState.js"></file><file name="ui/react/pages/Customers/Approve/helpers.js"><error line="50" column="56" severity="warning" message="Missing &quot;key&quot; prop for element in iterator (react/jsx-key)" source="eslint.rules.react/jsx-key" /></file><file name="ui/react/pages/Customers/Approve/index.js"></file><file name="ui/react/pages/Customers/Approve/reducer.js"><error line="41" column="13" severity="warning" message="Unexpected lexical declaration in case block. (no-case-declarations)" source="eslint.rules.no-case-declarations" /><error line="44" column="13" severity="warning" message="Unexpected lexical declaration in case block. (no-case-declarations)" source="eslint.rules.no-case-declarations" /></file><file name="ui/react/pages/Customers/Create/index.js"><error line="265" column="17" severity="warning" message="Handler function for onErrors prop key must begin with &apos;handle&apos; (react/jsx-handler-names)" source="eslint.rules.react/jsx-handler-names" /></file><file name="ui/react/pages/Customers/Edit/index.js"></file><file name="ui/react/pages/Customers/Filters/ByCustomSearch/actions.js"></file><file name="ui/react/pages/Customers/Filters/ByCustomSearch/index.js"></file><file name="ui/react/pages/Customers/Filters/ByCustomSearch/reducer.js"></file><file name="ui/react/pages/Customers/Filters/ByOrder/actionTypes.js"></file><file name="ui/react/pages/Customers/Filters/ByOrder/actions.js"></file><file name="ui/react/pages/Customers/Filters/ByOrder/reducer.js"></file><file name="ui/react/pages/Customers/Filters/ByState/actions.js"></file><file name="ui/react/pages/Customers/Filters/ByState/index.js"></file><file name="ui/react/pages/Customers/Filters/ByState/reducer.js"></file><file name="ui/react/pages/Customers/Filters/ByStatus/actions.js"></file><file name="ui/react/pages/Customers/Filters/ByStatus/index.js"></file><file name="ui/react/pages/Customers/Filters/ByStatus/reducer.js"></file><file name="ui/react/pages/Customers/Filters/ByType/actions.js"></file><file name="ui/react/pages/Customers/Filters/ByType/index.js"></file><file name="ui/react/pages/Customers/Filters/ByType/reducer.js"></file><file name="ui/react/pages/Customers/Filters/Clear/actionTypes.js"></file><file name="ui/react/pages/Customers/Filters/Clear/actions.js"></file><file name="ui/react/pages/Customers/Filters/Clear/index.js"></file><file name="ui/react/pages/Customers/Filters/Clear/reducer.js"></file><file name="ui/react/pages/Customers/Filters/GridToolbox/index.js"></file><file name="ui/react/pages/Customers/Grid/actionTypes.js"></file><file name="ui/react/pages/Customers/Grid/actions.js"></file><file name="ui/react/pages/Customers/Grid/index.js"></file><file name="ui/react/pages/Customers/Grid/reducer.js"><error line="69" column="13" severity="warning" message="Unexpected lexical declaration in case block. (no-case-declarations)" source="eslint.rules.no-case-declarations" /></file><file name="ui/react/pages/Customers/Pagination/index.js"></file><file name="ui/react/pages/Customers/Tabs/Account/Form/config.js"></file><file name="ui/react/pages/Customers/Tabs/Account/Form/index.js"></file><file name="ui/react/pages/Customers/Tabs/Account/Grid/index.js"><error line="84" column="17" severity="warning" message="Prop key for handleCellClick must begin with &apos;on&apos; (react/jsx-handler-names)" source="eslint.rules.react/jsx-handler-names" /></file><file name="ui/react/pages/Customers/Tabs/Account/index.js"></file><file name="ui/react/pages/Customers/Tabs/Audit.js"></file><file name="ui/react/pages/Customers/Tabs/ContactInfo/config.js"></file><file name="ui/react/pages/Customers/Tabs/ContactInfo/index.js"><error line="93" column="25" severity="warning" message="Handler function for onChange prop key must begin with &apos;handle&apos; (react/jsx-handler-names)" source="eslint.rules.react/jsx-handler-names" /><error line="111" column="25" severity="warning" message="Handler function for onSelect prop key must begin with &apos;handle&apos; (react/jsx-handler-names)" source="eslint.rules.react/jsx-handler-names" /></file><file name="ui/react/pages/Customers/Tabs/Credentials.js"></file><file name="ui/react/pages/Customers/Tabs/Documents.js"></file><file name="ui/react/pages/Customers/Tabs/GeneralInfo/config.js"></file><file name="ui/react/pages/Customers/Tabs/GeneralInfo/index.js"><error line="110" column="29" severity="warning" message="Handler function for onChange prop key must begin with &apos;handle&apos; (react/jsx-handler-names)" source="eslint.rules.react/jsx-handler-names" /><error line="129" column="29" severity="warning" message="Handler function for onSelect prop key must begin with &apos;handle&apos; (react/jsx-handler-names)" source="eslint.rules.react/jsx-handler-names" /></file><file name="ui/react/pages/Customers/Tabs/HistoryLog.js"></file><file name="ui/react/pages/Customers/Tabs/Identity/config.js"></file><file name="ui/react/pages/Customers/Tabs/Identity/index.js"><error line="215" column="29" severity="warning" message="Handler function for onChange prop key must begin with &apos;handle&apos; (react/jsx-handler-names)" source="eslint.rules.react/jsx-handler-names" /><error line="235" column="29" severity="warning" message="Handler function for onSelect prop key must begin with &apos;handle&apos; (react/jsx-handler-names)" source="eslint.rules.react/jsx-handler-names" /><error line="280" column="21" severity="warning" message="Handler function for onDeleteClick prop key must begin with &apos;handle&apos; (react/jsx-handler-names)" source="eslint.rules.react/jsx-handler-names" /><error line="281" column="21" severity="warning" message="Handler function for onChangeClick prop key must begin with &apos;handle&apos; (react/jsx-handler-names)" source="eslint.rules.react/jsx-handler-names" /></file><file name="ui/react/pages/Customers/Tabs/Referrals/Filters/ByMCStatus.js"></file><file name="ui/react/pages/Customers/Tabs/Referrals/Filters/BySearch.js"></file><file name="ui/react/pages/Customers/Tabs/Referrals/Filters/ByStatus.js"></file><file name="ui/react/pages/Customers/Tabs/Referrals/Filters/Pagination.js"></file><file name="ui/react/pages/Customers/Tabs/Referrals/Filters/index.js"><error line="27" column="70" severity="warning" message="Handler function for onClick prop key must begin with &apos;handle&apos; (react/jsx-handler-names)" source="eslint.rules.react/jsx-handler-names" /></file><file name="ui/react/pages/Customers/Tabs/Referrals/actionTypes.js"></file><file name="ui/react/pages/Customers/Tabs/Referrals/actions.js"></file><file name="ui/react/pages/Customers/Tabs/Referrals/index.js"></file><file name="ui/react/pages/Customers/Tabs/Referrals/reducers.js"></file><file name="ui/react/pages/Customers/Tabs/Relations.js"></file><file name="ui/react/pages/Customers/Tabs/index.js"></file><file name="ui/react/pages/Customers/accountActionTypes.js"></file><file name="ui/react/pages/Customers/accountActions.js"></file><file name="ui/react/pages/Customers/accountsDefaultState.js"></file><file name="ui/react/pages/Customers/actionTypes.js"></file><file name="ui/react/pages/Customers/actions.js"></file><file name="ui/react/pages/Customers/config.js"></file><file name="ui/react/pages/Customers/defaultState.js"></file><file name="ui/react/pages/Customers/helpers.js"></file><file name="ui/react/pages/Customers/index.js"><error line="94" column="13" severity="warning" message="Missing &quot;key&quot; prop for element in array (react/jsx-key)" source="eslint.rules.react/jsx-key" /><error line="95" column="13" severity="warning" message="Missing &quot;key&quot; prop for element in array (react/jsx-key)" source="eslint.rules.react/jsx-key" /><error line="96" column="13" severity="warning" message="Missing &quot;key&quot; prop for element in array (react/jsx-key)" source="eslint.rules.react/jsx-key" /></file><file name="ui/react/pages/Customers/kycHelpers.js"></file><file name="ui/react/pages/Customers/reducers.js"><error line="176" column="13" severity="warning" message="Unexpected lexical declaration in case block. (no-case-declarations)" source="eslint.rules.no-case-declarations" /><error line="202" column="13" severity="warning" message="Unexpected lexical declaration in case block. (no-case-declarations)" source="eslint.rules.no-case-declarations" /><error line="222" column="13" severity="warning" message="Unexpected lexical declaration in case block. (no-case-declarations)" source="eslint.rules.no-case-declarations" /><error line="223" column="13" severity="warning" message="Unexpected lexical declaration in case block. (no-case-declarations)" source="eslint.rules.no-case-declarations" /><error line="272" column="13" severity="warning" message="Unexpected lexical declaration in case block. (no-case-declarations)" source="eslint.rules.no-case-declarations" /><error line="273" column="13" severity="warning" message="Unexpected lexical declaration in case block. (no-case-declarations)" source="eslint.rules.no-case-declarations" /><error line="285" column="13" severity="warning" message="Unexpected lexical declaration in case block. (no-case-declarations)" source="eslint.rules.no-case-declarations" /><error line="287" column="13" severity="warning" message="Unexpected lexical declaration in case block. (no-case-declarations)" source="eslint.rules.no-case-declarations" /><error line="289" column="13" severity="warning" message="Unexpected lexical declaration in case block. (no-case-declarations)" source="eslint.rules.no-case-declarations" /><error line="307" column="13" severity="warning" message="Unexpected lexical declaration in case block. (no-case-declarations)" source="eslint.rules.no-case-declarations" /><error line="308" column="13" severity="warning" message="Unexpected lexical declaration in case block. (no-case-declarations)" source="eslint.rules.no-case-declarations" /><error line="309" column="13" severity="warning" message="Unexpected lexical declaration in case block. (no-case-declarations)" source="eslint.rules.no-case-declarations" /><error line="310" column="13" severity="warning" message="Unexpected lexical declaration in case block. (no-case-declarations)" source="eslint.rules.no-case-declarations" /><error line="359" column="13" severity="warning" message="Unexpected lexical declaration in case block. (no-case-declarations)" source="eslint.rules.no-case-declarations" /><error line="361" column="13" severity="warning" message="Unexpected lexical declaration in case block. (no-case-declarations)" source="eslint.rules.no-case-declarations" /><error line="362" column="13" severity="warning" message="Unexpected lexical declaration in case block. (no-case-declarations)" source="eslint.rules.no-case-declarations" /><error line="364" column="13" severity="warning" message="Unexpected lexical declaration in case block. (no-case-declarations)" source="eslint.rules.no-case-declarations" /><error line="385" column="13" severity="warning" message="Unexpected lexical declaration in case block. (no-case-declarations)" source="eslint.rules.no-case-declarations" /><error line="463" column="13" severity="warning" message="Unexpected lexical declaration in case block. (no-case-declarations)" source="eslint.rules.no-case-declarations" /><error line="466" column="13" severity="warning" message="Unexpected lexical declaration in case block. (no-case-declarations)" source="eslint.rules.no-case-declarations" /><error line="469" column="13" severity="warning" message="Unexpected var, use let or const instead. (no-var)" source="eslint.rules.no-var" /><error line="481" column="13" severity="warning" message="Unexpected lexical declaration in case block. (no-case-declarations)" source="eslint.rules.no-case-declarations" /><error line="498" column="13" severity="warning" message="Unexpected lexical declaration in case block. (no-case-declarations)" source="eslint.rules.no-case-declarations" /></file><file name="ui/react/pages/Home/index.js"></file><file name="ui/react/pages/Referrals/Add/index.js"><error line="75" column="25" severity="warning" message="Prop key for handleSearch must begin with &apos;on&apos; (react/jsx-handler-names)" source="eslint.rules.react/jsx-handler-names" /></file><file name="ui/react/pages/Referrals/Filters/ByMCStatus.js"></file><file name="ui/react/pages/Referrals/Filters/BySearch.js"></file><file name="ui/react/pages/Referrals/Filters/ByStatus.js"></file><file name="ui/react/pages/Referrals/Filters/Pagination.js"></file><file name="ui/react/pages/Referrals/Filters/index.js"><error line="27" column="105" severity="warning" message="Handler function for onClick prop key must begin with &apos;handle&apos; (react/jsx-handler-names)" source="eslint.rules.react/jsx-handler-names" /></file><file name="ui/react/pages/Referrals/Grid/index.js"></file><file name="ui/react/pages/Referrals/ReferralDetails/index.js"></file><file name="ui/react/pages/Referrals/Toolbox/index.js"></file><file name="ui/react/pages/Referrals/actionTypes.js"></file><file name="ui/react/pages/Referrals/actions.js"></file><file name="ui/react/pages/Referrals/helpers.js"></file><file name="ui/react/pages/Referrals/index.js"><error line="110" column="13" severity="warning" message="Missing &quot;key&quot; prop for element in array (react/jsx-key)" source="eslint.rules.react/jsx-key" /><error line="121" column="13" severity="warning" message="Missing &quot;key&quot; prop for element in array (react/jsx-key)" source="eslint.rules.react/jsx-key" /><error line="122" column="13" severity="warning" message="Missing &quot;key&quot; prop for element in array (react/jsx-key)" source="eslint.rules.react/jsx-key" /></file><file name="ui/react/pages/Referrals/reducers.js"></file><file name="ui/react/pages/admin/KYC/KYC/Create/index.js"></file><file name="ui/react/pages/admin/KYC/KYC/Edit/index.js"></file><file name="ui/react/pages/admin/KYC/KYC/actionTypes.js"></file><file name="ui/react/pages/admin/KYC/KYC/actions.js"></file><file name="ui/react/pages/admin/KYC/KYC/defaultState.js"></file><file name="ui/react/pages/admin/KYC/KYC/helpers.js"></file><file name="ui/react/pages/admin/KYC/KYC/index.js"></file><file name="ui/react/pages/admin/KYC/KYC/reducers.js"><error line="131" column="13" severity="warning" message="Unexpected lexical declaration in case block. (no-case-declarations)" source="eslint.rules.no-case-declarations" /><error line="143" column="13" severity="warning" message="Unexpected lexical declaration in case block. (no-case-declarations)" source="eslint.rules.no-case-declarations" /><error line="152" column="13" severity="warning" message="Unexpected lexical declaration in case block. (no-case-declarations)" source="eslint.rules.no-case-declarations" /><error line="180" column="13" severity="warning" message="Unexpected lexical declaration in case block. (no-case-declarations)" source="eslint.rules.no-case-declarations" /><error line="190" column="13" severity="warning" message="Unexpected lexical declaration in case block. (no-case-declarations)" source="eslint.rules.no-case-declarations" /><error line="191" column="13" severity="warning" message="Unexpected lexical declaration in case block. (no-case-declarations)" source="eslint.rules.no-case-declarations" /><error line="222" column="13" severity="warning" message="Unexpected lexical declaration in case block. (no-case-declarations)" source="eslint.rules.no-case-declarations" /><error line="231" column="13" severity="warning" message="Unexpected lexical declaration in case block. (no-case-declarations)" source="eslint.rules.no-case-declarations" /><error line="247" column="13" severity="warning" message="Unexpected lexical declaration in case block. (no-case-declarations)" source="eslint.rules.no-case-declarations" /></file><file name="ui/react/pages/admin/KYC/KYC/tabs/Attributes.js"></file><file name="ui/react/pages/admin/KYC/KYC/tabs/GeneralInfo.js"></file><file name="ui/react/pages/admin/KYC/KYC/tabs/HistoryLog.js"></file><file name="ui/react/pages/admin/KYC/Listing/actionTypes.js"></file><file name="ui/react/pages/admin/KYC/Listing/actions.js"></file><file name="ui/react/pages/admin/KYC/Listing/createDialog.js"><error line="17" column="9" severity="warning" message="&apos;options&apos; is never reassigned. Use &apos;const&apos; instead. (prefer-const)" source="eslint.rules.prefer-const" /></file><file name="ui/react/pages/admin/KYC/Listing/defaultState.js"></file><file name="ui/react/pages/admin/KYC/Listing/grid.js"><error line="79" column="5" severity="warning" message="&apos;isGridLoading&apos; PropType is defined but prop is never used (react/no-unused-prop-types)" source="eslint.rules.react/no-unused-prop-types" /></file><file name="ui/react/pages/admin/KYC/Listing/helpers.js"></file><file name="ui/react/pages/admin/KYC/Listing/index.js"><error line="53" column="13" severity="warning" message="Missing &quot;key&quot; prop for element in array (react/jsx-key)" source="eslint.rules.react/jsx-key" /><error line="54" column="13" severity="warning" message="Missing &quot;key&quot; prop for element in array (react/jsx-key)" source="eslint.rules.react/jsx-key" /><error line="58" column="13" severity="warning" message="Missing &quot;key&quot; prop for element in array (react/jsx-key)" source="eslint.rules.react/jsx-key" /></file><file name="ui/react/pages/admin/KYC/Listing/reducers.js"><error line="52" column="13" severity="warning" message="Unexpected lexical declaration in case block. (no-case-declarations)" source="eslint.rules.no-case-declarations" /><error line="68" column="13" severity="warning" message="Unexpected lexical declaration in case block. (no-case-declarations)" source="eslint.rules.no-case-declarations" /><error line="80" column="13" severity="warning" message="Unexpected lexical declaration in case block. (no-case-declarations)" source="eslint.rules.no-case-declarations" /></file><file name="ui/react/pages/admin/KYC/Listing/toolbox.js"></file><file name="ui/react/pages/admin/KYC/index.js"></file><file name="ui/react/pages/index.js"></file><file name="ui/react/reducers.js"></file><file name="ui/react/registerRoutes.js"></file><file name="ui/react/routes.js"></file><file name="utils/constants.js"></file><file name="utils/image.js"></file><file name="validations/account/get.js"></file><file name="validations/activationReport/run.js"></file><file name="validations/activityReport/run.js"></file><file name="validations/address/list.js"></file><file name="validations/attachment/add.js"></file><file name="validations/attachment/delete.js"></file><file name="validations/attachment/update.js"></file><file name="validations/bio/add.js"></file><file name="validations/bio/check.js"></file><file name="validations/bio/delete.js"></file><file name="validations/bio/getClientFile.js"></file><file name="validations/bio/verify.js"></file><file name="validations/businessUnit/fetch.js"></file><file name="validations/cascadeResultSet/list.js"></file><file name="validations/cbs/activity.js"></file><file name="validations/customer/add.js"></file><file name="validations/customer/approve.js"></file><file name="validations/customer/discard.js"></file><file name="validations/customer/edit.js"></file><file name="validations/customer/fetch.js"></file><file name="validations/customer/get.js"></file><file name="validations/customer/reject.js"></file><file name="validations/customer/remove.js"></file><file name="validations/customer/search.js"></file><file name="validations/customerCategory/fetch.js"></file><file name="validations/customerType/list.js"></file><file name="validations/document/add.js"></file><file name="validations/education/list.js"></file><file name="validations/employerCategory/list.js"></file><file name="validations/employment/list.js"></file><file name="validations/file/approve.js"></file><file name="validations/file/block.js"></file><file name="validations/file/get.js"></file><file name="validations/file/getCount.js"></file><file name="validations/file/reject.js"></file><file name="validations/file/update.js"></file><file name="validations/incomeRange/list.js"></file><file name="validations/index.js"></file><file name="validations/industry/list.js"></file><file name="validations/kyc/add.js"></file><file name="validations/kyc/attributesList.js"></file><file name="validations/kyc/changeStatus.js"></file><file name="validations/kyc/delete.js"></file><file name="validations/kyc/edit.js"></file><file name="validations/kyc/fetch.js"></file><file name="validations/kyc/get.js"></file><file name="validations/kyc/getForCreate.js"></file><file name="validations/kyc/result.js"></file><file name="validations/kycCalculation/get.js"></file><file name="validations/maritalStatus/list.js"></file><file name="validations/mno/fetch.js"></file><file name="validations/nomenclatures/fetch.js"></file><file name="validations/organization/add.js"></file><file name="validations/organization/approve.js"></file><file name="validations/organization/delete.js"></file><file name="validations/organization/discard.js"></file><file name="validations/organization/edit.js"></file><file name="validations/organization/fetch.js"></file><file name="validations/organization/get.js"></file><file name="validations/organization/getBUsParents.js"></file><file name="validations/organization/graphFetch.js"></file><file name="validations/organization/list.js"></file><file name="validations/organization/lock.js"></file><file name="validations/organization/reject.js"></file><file name="validations/organization/userOrganizations.js"></file><file name="validations/otp/check.js"></file><file name="validations/otp/send.js"></file><file name="validations/person/addMS.js"></file><file name="validations/person/get.js"></file><file name="validations/person/rollbackMS.js"></file><file name="validations/referral/actionFetch.js"></file><file name="validations/referral/add.js"></file><file name="validations/referral/delete.js"></file><file name="validations/referral/expired.js"></file><file name="validations/referral/fetch.js"></file><file name="validations/referral/get.js"></file><file name="validations/referral/getReferre.js"></file><file name="validations/referral/search.js"></file><file name="validations/referral/statusFetch.js"></file><file name="validations/referral/statusUpdate.js"></file><file name="validations/selfregister/index.js"></file><file name="validations/testValidations.js"></file><file name="validations/type/fetch.js"></file></checkstyle>